region,revenue_sum,revenue_mean,revenue_std,qty_mean,qty_std,n_orders
MAHARASHTRA,13335534.14,632.8256128695488,272.2455566936262,0.9132075471698113,0.2912625346759315,22260.0
KARNATAKA,10481114.37,639.3262394778577,272.8858356719085,0.9177536650121205,0.2882798636849125,17326.0
TELANGANA,6916615.65,650.2412005264642,278.80419034084525,0.9049426301853486,0.3077002203569228,11330.0
UTTAR PRADESH,6816642.08,685.2962782748567,297.14185377721435,0.8929310020680579,0.32492988683413593,10638.0
TAMIL NADU,6515650.109999999,602.7986039411601,263.9171377561004,0.906731690324828,0.31275359197954244,11483.0
DELHI,4235215.970000001,662.4770796183327,283.71894378346434,0.9076968445886169,0.29701812190765986,6782.0
KERALA,3830227.58,622.699980490977,251.88721898132496,0.8827638572513288,0.3319494175713306,6585.0
WEST BENGAL,3507880.4400000004,632.3923634396972,272.2263951527027,0.8918329699815529,0.3207129620577964,5963.0
ANDHRA PRADESH,3219831.72,636.9597863501484,289.8808758543825,0.8874769797421731,0.34179820779274844,5430.0
HARYANA,2882092.99,688.178841929322,296.9993716219717,0.920951302378256,0.2931833949343815,4415.0
Gujarat,2728651.8200000003,657.031500120395,270.1578616991374,0.9242593005123636,0.4222658096882641,4489.0
RAJASTHAN,1716802.4000000001,695.6249594813614,317.6198252495057,0.8932075471698113,0.31615478039661493,2650.0
MADHYA PRADESH,1592382.98,672.7431263202366,287.7457164314111,0.8936338473705022,0.3109216501384045,2529.0
BIHAR,1394388.32,720.6141188630492,312.2162125080654,0.8854266538830298,0.3304070378864731,2086.0
ODISHA,1372205.6300000001,694.7876607594937,309.2589717210576,0.8936170212765957,0.31895630840797334,2115.0
PUNJAB,1180064.8399999999,670.4913863636363,309.4493625338528,0.9090422685928304,0.31937538214778793,1869.0
ASSAM,1018136.2000000001,657.710723514212,284.11612189925137,0.8917618761274805,0.31270445797954444,1663.0
UTTARAKHAND,974143.55,674.1477854671281,295.0670931350811,0.8918222794591114,0.3148250034988456,1553.0
JHARKHAND,919088.21,679.7989718934911,292.3280565767381,0.8818681318681318,0.3354038635302363,1456.0
GOA,619437.8500000001,591.0666507633589,253.3134236141795,0.9274047186932849,0.2732260552898436,1102.0
CHHATTISGARH,570485.83,660.284525462963,282.87155430963674,0.9042904290429042,0.301744683273901,909.0
HIMACHAL PRADESH,503364.51,695.2548480662983,310.304705369844,0.8565989847715736,0.3507039304890485,788.0
JAMMU & KASHMIR,456932.74,704.0566101694915,305.60858782498275,0.8789173789173789,0.3393120025936372,702.0
MANIPUR,211350.99,714.0236148648648,302.9562158511039,0.9292604501607717,0.25680248405703016,311.0
CHANDIGARH,202686.05,660.2151465798045,280.9214430923927,0.9130434782608695,0.2822098895853303,322.0
PUDUCHERRY,191476.24,589.1576615384615,249.5619376646496,0.8825214899713467,0.3398080132772457,349.0
ANDAMAN & NICOBAR ,158723.62,653.1836213991769,272.07959352600767,0.8793774319066148,0.3604505665066177,257.0
NAGALAND,143430.66999999998,801.288659217877,349.00750778826267,0.9782608695652174,0.376299522298793,184.0
SIKKIM,138125.66,738.6398930481283,272.8156259536917,0.8861386138613861,0.3184320113693592,202.0
MEGHALAYA,118949.9,609.9994871794871,260.71484819793,0.9019607843137255,0.29809919734793033,204.0
ARUNACHAL PRADESH,95235.0,710.7089552238806,267.8607380157249,0.9219858156028369,0.26915003744103144,141.0
Delhi,94642.87,606.6850641025641,241.07232052482024,0.9146341463414634,0.2802811696165087,164.0
TRIPURA,92548.4,656.3716312056737,269.91235522618956,0.8874172185430463,0.3171339644927338,151.0
New Delhi,47109.95,628.1326666666666,331.765204899462,0.8888888888888888,0.31622776601683794,81.0
DADRA AND NAGAR,42138.92,679.66,286.91070323845867,0.8285714285714286,0.3796042398103419,70.0
MIZORAM,41213.71,572.4126388888889,190.28754576487623,0.9066666666666666,0.3739248852641661,75.0
LADAKH,38388.43,914.0102380952382,320.60057972413915,0.9302325581395349,0.2577696311132336,43.0
Rajasthan,37252.76,677.3229090909091,251.00806239576602,0.9636363636363636,0.18891859540615819,55.0
Punjab,22013.0,733.7666666666667,250.56318403828266,0.8823529411764706,0.3270349700838643,34.0
Bihar,19793.0,733.074074074074,257.4859108805651,1.0,0.0,27.0
nan,18671.0,602.2903225806451,236.26132333335013,0.8484848484848485,0.36410954062720957,49463.0
delhi,16553.62,827.6809999999999,257.5425268081698,0.9523809523809523,0.3842122429322725,21.0
Goa,15781.0,563.6071428571429,172.99011731261035,0.9333333333333333,0.2537081317024624,30.0
Odisha,12429.76,621.488,274.58555437144486,0.8571428571428571,0.358568582800318,21.0
Chandigarh,9054.619999999999,823.1472727272726,314.65601945905655,0.9090909090909091,0.30151134457776363,11.0
punjab,8622.0,663.2307692307693,314.9833735945846,0.9285714285714286,0.2672612419124244,14.0
rajasthan,3946.0,657.6666666666666,249.99733331911096,1.0,0.0,6.0
LAKSHADWEEP,3175.29,793.8225,50.5178452793334,0.75,0.5,4.0
Sikkim,2703.0,901.0,247.9334588150619,1.0,0.0,3.0
Manipur,2631.0,526.2,274.69564976533576,1.0,0.0,5.0
goa,2467.0,493.4,212.02900744945254,1.0,0.0,5.0
Arunachal Pradesh,1935.0,645.0,55.50675634551167,0.6666666666666666,0.5773502691896258,3.0
bihar,1432.0,1432.0,,1.0,,1.0
Orissa,1140.0,570.0,274.35743110038044,1.0,0.0,2.0
Rajshthan,1126.0,563.0,0.0,0.6666666666666666,0.5773502691896258,3.0
RJ,1040.0,520.0,233.3452377915607,1.0,0.0,2.0
NL,961.0,480.5,53.033008588991066,1.0,0.0,2.0
Meghalaya,921.9100000000001,460.95500000000004,154.89174041891326,0.0,0.0,3.0
Mizoram,735.0,735.0,,1.0,,1.0
Nagaland,664.0,664.0,,1.0,,1.0
Arunachal pradesh,602.0,301.0,0.0,1.0,0.0,2.0
orissa,597.0,597.0,,1.0,,1.0
Puducherry,568.0,568.0,,1.0,,1.0
Punjab/Mohali/Zirakpur,568.0,568.0,,1.0,,1.0
Pondicherry,529.0,529.0,,1.0,,1.0
rajsthan,521.0,521.0,,1.0,,1.0
AR,493.0,493.0,,1.0,,1.0
Rajsthan,443.0,443.0,,1.0,,1.0
PB,399.0,399.0,,1.0,,1.0
APO,0.0,,,0.0,,1.0
