index,Order ID,Date,Status,Fulfilment,Sales Channel ,ship-service-level,Style,SKU,Category,Size,ASIN,Courier Status,Qty,currency,Amount,ship-city,ship-state,ship-postal-code,ship-country,promotion-ids,B2B,fulfilled-by,Unnamed: 22
0,405-8078784-5731545,04-30-22,Cancelled,Merchant,Amazon.in,Standard,SET389,SET389-KR-NP-S,Set,S,B09KXVBD7Z,,0,INR,647.62,MUMBAI,MAHARASHTRA,400081.0,IN,,False,Easy Ship,
1,171-9198151-1101146,04-30-22,Shipped - Delivered to Buyer,Merchant,Amazon.in,Standard,JNE3781,JNE3781-KR-XXXL,kurta,3XL,B09K3WFS32,Shipped,1,INR,406.0,BENGALURU,KARNATAKA,560085.0,IN,"Amazon PLCC Free-Financing Universal Merchant AAT-WNKTBO3K27EJC,Amazon PLCC Free-Financing Universal Merchant AAT-QX3UCCJESKPA2,Amazon PLCC Free-Financing Universal Merchant AAT-5QQ7BIYYQEDN2,Amazon PLCC Free-Financing Universal Merchant AAT-DSJ2QRXXWXVMQ,Amazon PLCC Free-Financing Universal Merchant AAT-CXJHMC2YJUK76,Amazon PLCC Free-Financing Universal Merchant AAT-CC4FAVTYR4X7C,Amazon PLCC Free-Financing Universal Merchant AAT-XXRCW6NZEPZI4,Amazon PLCC Free-Financing Universal Merchant AAT-CXNSLNBROFDW4,Amazon PLCC Free-Financing Universal Merchant AAT-R7GXNZWISTRFA,Amazon PLCC Free-Financing Universal Merchant AAT-WSJLDN3X7KEMO,Amazon PLCC Free-Financing Universal Merchant AAT-VL6FGQVGQVXUS,Amazon PLCC Free-Financing Universal Merchant AAT-EOKPWFWYW7Y6I,Amazon PLCC Free-Financing Universal Merchant AAT-ZYL5UPUNW6T62,Amazon PLCC Free-Financing Universal Merchant AAT-XVPICCHRWDCAI,Amazon PLCC Free-Financing Universal Merchant AAT-ETXQ3XXWMRXBG,Amazon PLCC Free-Financing Universal Merchant AAT-7X3XCTYG64VBE,Amazon PLCC Free-Financing Universal Merchant AAT-7CHGD3WTS3MHM,Amazon PLCC Free-Financing Universal Merchant AAT-26ZDKNME27X42,Amazon PLCC Free-Financing Universal Merchant AAT-4ZF5KN6E4LJK4,Amazon PLCC Free-Financing Universal Merchant AAT-7RCXIKUAX7DDY,Amazon PLCC Free-Financing Universal Merchant AAT-BRSZZ45H6MHAO,Amazon PLCC Free-Financing Universal Merchant AAT-MKLXOOZWQL7GO,Amazon PLCC Free-Financing Universal Merchant AAT-CB7UNXEXGIJTC,Amazon PLCC Free-Financing Universal Merchant #MP-gzasho-1593152694811,Amazon PLCC Free-Financing Universal Merchant AAT-WLBA4GZ52EAH4",False,Easy Ship,
2,404-0687676-7273146,04-30-22,Shipped,Amazon,Amazon.in,Expedited,JNE3371,JNE3371-KR-XL,kurta,XL,B07WV4JV4D,Shipped,1,INR,329.0,NAVI MUMBAI,MAHARASHTRA,410210.0,IN,IN Core Free Shipping 2015/04/08 23-48-5-108,True,,
3,403-9615377-8133951,04-30-22,Cancelled,Merchant,Amazon.in,Standard,J0341,J0341-DR-L,Western Dress,L,B099NRCT7B,,0,INR,753.33,PUDUCHERRY,PUDUCHERRY,605008.0,IN,,False,Easy Ship,
4,407-1069790-7240320,04-30-22,Shipped,Amazon,Amazon.in,Expedited,JNE3671,JNE3671-TU-XXXL,Top,3XL,B098714BZP,Shipped,1,INR,574.0,CHENNAI,TAMIL NADU,600073.0,IN,,False,,
5,404-1490984-4578765,04-30-22,Shipped,Amazon,Amazon.in,Expedited,SET264,SET264-KR-NP-XL,Set,XL,B08YN7XDSG,Shipped,1,INR,824.0,GHAZIABAD,UTTAR PRADESH,201102.0,IN,IN Core Free Shipping 2015/04/08 23-48-5-108,False,,
6,408-5748499-6859555,04-30-22,Shipped,Amazon,Amazon.in,Expedited,J0095,J0095-SET-L,Set,L,B08CMHNWBN,Shipped,1,INR,653.0,CHANDIGARH,CHANDIGARH,160036.0,IN,IN Core Free Shipping 2015/04/08 23-48-5-108,False,,
7,406-7807733-3785945,04-30-22,Shipped - Delivered to Buyer,Merchant,Amazon.in,Standard,JNE3405,JNE3405-KR-S,kurta,S,B081WX4G4Q,Shipped,1,INR,399.0,HYDERABAD,TELANGANA,500032.0,IN,"Amazon PLCC Free-Financing Universal Merchant AAT-WNKTBO3K27EJC,Amazon PLCC Free-Financing Universal Merchant AAT-QX3UCCJESKPA2,Amazon PLCC Free-Financing Universal Merchant AAT-5QQ7BIYYQEDN2,Amazon PLCC Free-Financing Universal Merchant AAT-DSJ2QRXXWXVMQ,Amazon PLCC Free-Financing Universal Merchant AAT-CXJHMC2YJUK76,Amazon PLCC Free-Financing Universal Merchant AAT-CC4FAVTYR4X7C,Amazon PLCC Free-Financing Universal Merchant AAT-XXRCW6NZEPZI4,Amazon PLCC Free-Financing Universal Merchant AAT-EOKPWFWYW7Y6I,Amazon PLCC Free-Financing Universal Merchant AAT-ZYL5UPUNW6T62,Amazon PLCC Free-Financing Universal Merchant AAT-ETXQ3XXWMRXBG,Amazon PLCC Free-Financing Universal Merchant AAT-7X3XCTYG64VBE,Amazon PLCC Free-Financing Universal Merchant AAT-7CHGD3WTS3MHM,Amazon PLCC Free-Financing Universal Merchant AAT-26ZDKNME27X42,Amazon PLCC Free-Financing Universal Merchant AAT-4ZF5KN6E4LJK4,Amazon PLCC Free-Financing Universal Merchant AAT-7RCXIKUAX7DDY,Amazon PLCC Free-Financing Universal Merchant AAT-BRSZZ45H6MHAO,Amazon PLCC Free-Financing Universal Merchant AAT-MKLXOOZWQL7GO,Amazon PLCC Free-Financing Universal Merchant AAT-CB7UNXEXGIJTC,Amazon PLCC Free-Financing Universal Merchant #MP-gzasho-1593152694811,Amazon PLCC Free-Financing Universal Merchant AAT-WLBA4GZ52EAH4",False,Easy Ship,
8,407-5443024-5233168,04-30-22,Cancelled,Amazon,Amazon.in,Expedited,SET200,SET200-KR-NP-A-XXXL,Set,3XL,B08L91ZZXN,Cancelled,0,,,HYDERABAD,TELANGANA,500008.0,IN,IN Core Free Shipping 2015/04/08 23-48-5-108,False,,
9,402-4393761-0311520,04-30-22,Shipped,Amazon,Amazon.in,Expedited,JNE3461,JNE3461-KR-XXL,kurta,XXL,B08B3XF5MH,Shipped,1,INR,363.0,Chennai,TAMIL NADU,600041.0,IN,,False,,
10,407-5633625-6970741,04-30-22,Shipped,Amazon,Amazon.in,Expedited,JNE3160,JNE3160-KR-G-S,kurta,S,B07K3YQLF1,Shipped,1,INR,685.0,CHENNAI,TAMIL NADU,600073.0,IN,,False,,
11,171-4638481-6326716,04-30-22,Shipped,Amazon,Amazon.in,Expedited,JNE3500,JNE3500-KR-XS,kurta,XS,B098117DJ3,Shipped,1,INR,364.0,NOIDA,UTTAR PRADESH,201303.0,IN,,False,,
12,405-5513694-8146768,04-30-22,Shipped - Delivered to Buyer,Merchant,Amazon.in,Standard,JNE3405,JNE3405-KR-XS,kurta,XS,B081XCMYXJ,Shipped,1,INR,399.0,Amravati.,MAHARASHTRA,444606.0,IN,"Amazon PLCC Free-Financing Universal Merchant AAT-WNKTBO3K27EJC,Amazon PLCC Free-Financing Universal Merchant AAT-QX3UCCJESKPA2,Amazon PLCC Free-Financing Universal Merchant AAT-5QQ7BIYYQEDN2,Amazon PLCC Free-Financing Universal Merchant AAT-DSJ2QRXXWXVMQ,Amazon PLCC Free-Financing Universal Merchant AAT-CXJHMC2YJUK76,Amazon PLCC Free-Financing Universal Merchant AAT-CC4FAVTYR4X7C,Amazon PLCC Free-Financing Universal Merchant AAT-XXRCW6NZEPZI4,Amazon PLCC Free-Financing Universal Merchant AAT-EOKPWFWYW7Y6I,Amazon PLCC Free-Financing Universal Merchant AAT-ETXQ3XXWMRXBG,Amazon PLCC Free-Financing Universal Merchant AAT-7X3XCTYG64VBE,Amazon PLCC Free-Financing Universal Merchant AAT-7CHGD3WTS3MHM,Amazon PLCC Free-Financing Universal Merchant AAT-26ZDKNME27X42,Amazon PLCC Free-Financing Universal Merchant AAT-4ZF5KN6E4LJK4,Amazon PLCC Free-Financing Universal Merchant AAT-7RCXIKUAX7DDY,Amazon PLCC Free-Financing Universal Merchant AAT-BRSZZ45H6MHAO,Amazon PLCC Free-Financing Universal Merchant AAT-MKLXOOZWQL7GO,Amazon PLCC Free-Financing Universal Merchant AAT-CB7UNXEXGIJTC,Amazon PLCC Free-Financing Universal Merchant #MP-gzasho-1593152694811,Amazon PLCC Free-Financing Universal Merchant AAT-WLBA4GZ52EAH4",False,Easy Ship,
13,408-7955685-3083534,04-30-22,Shipped,Amazon,Amazon.in,Expedited,SET182,SET182-KR-DH-XS,Set,XS,B085HS947T,Shipped,1,INR,657.0,MUMBAI,MAHARASHTRA,400053.0,IN,,False,,
14,408-1298370-1920302,04-30-22,Shipped - Delivered to Buyer,Merchant,Amazon.in,Standard,J0351,J0351-SET-L,Set,L,B09CSSQY4F,Shipped,1,INR,771.0,MUMBAI,MAHARASHTRA,400053.0,IN,"Amazon PLCC Free-Financing Universal Merchant AAT-WNKTBO3K27EJC,Amazon PLCC Free-Financing Universal Merchant AAT-QX3UCCJESKPA2,Amazon PLCC Free-Financing Universal Merchant AAT-5QQ7BIYYQEDN2,Amazon PLCC Free-Financing Universal Merchant AAT-DSJ2QRXXWXVMQ,Amazon PLCC Free-Financing Universal Merchant AAT-CXJHMC2YJUK76,Amazon PLCC Free-Financing Universal Merchant AAT-SL3Y2YRMAUNFC,Amazon PLCC Free-Financing Universal Merchant AAT-CC4FAVTYR4X7C,Amazon PLCC Free-Financing Universal Merchant AAT-XXRCW6NZEPZI4,Amazon PLCC Free-Financing Universal Merchant AAT-EOKPWFWYW7Y6I,Amazon PLCC Free-Financing Universal Merchant AAT-ZYL5UPUNW6T62,Amazon PLCC Free-Financing Universal Merchant AAT-ETXQ3XXWMRXBG,Amazon PLCC Free-Financing Universal Merchant AAT-7X3XCTYG64VBE,Amazon PLCC Free-Financing Universal Merchant AAT-7CHGD3WTS3MHM,Amazon PLCC Free-Financing Universal Merchant AAT-26ZDKNME27X42,Amazon PLCC Free-Financing Universal Merchant AAT-4ZF5KN6E4LJK4,Amazon PLCC Free-Financing Universal Merchant AAT-7RCXIKUAX7DDY,Amazon PLCC Free-Financing Universal Merchant AAT-TNYBHEAO7HOHO,Amazon PLCC Free-Financing Universal Merchant AAT-BRSZZ45H6MHAO,Amazon PLCC Free-Financing Universal Merchant AAT-MKLXOOZWQL7GO,Amazon PLCC Free-Financing Universal Merchant AAT-CB7UNXEXGIJTC,Amazon PLCC Free-Financing Universal Merchant #MP-gzasho-1593152694811,Amazon PLCC Free-Financing Universal Merchant AAT-WLBA4GZ52EAH4,Amazon PLCC Free-Financing Universal Merchant AAT-QMFZ3M7T5NPDS,Amazon PLCC Free-Financing Universal Merchant #MP-pmilan-1601980554292",False,Easy Ship,
15,403-4965581-9520319,04-30-22,Shipped - Delivered to Buyer,Merchant,Amazon.in,Standard,PJNE3368,PJNE3368-KR-6XL,kurta,6XL,B09PY99SVJ,Shipped,1,INR,544.0,GUNTAKAL,ANDHRA PRADESH,515801.0,IN,"Amazon PLCC Free-Financing Universal Merchant AAT-WNKTBO3K27EJC,Amazon PLCC Free-Financing Universal Merchant AAT-QX3UCCJESKPA2,Amazon PLCC Free-Financing Universal Merchant AAT-5QQ7BIYYQEDN2,Amazon PLCC Free-Financing Universal Merchant AAT-DSJ2QRXXWXVMQ,Amazon PLCC Free-Financing Universal Merchant AAT-CXJHMC2YJUK76,Amazon PLCC Free-Financing Universal Merchant AAT-SL3Y2YRMAUNFC,Amazon PLCC Free-Financing Universal Merchant AAT-CC4FAVTYR4X7C,Amazon PLCC Free-Financing Universal Merchant AAT-XXRCW6NZEPZI4,Amazon PLCC Free-Financing Universal Merchant AAT-EOKPWFWYW7Y6I,Amazon PLCC Free-Financing Universal Merchant AAT-ZYL5UPUNW6T62,Amazon PLCC Free-Financing Universal Merchant AAT-ETXQ3XXWMRXBG,Amazon PLCC Free-Financing Universal Merchant AAT-7X3XCTYG64VBE,Amazon PLCC Free-Financing Universal Merchant AAT-7CHGD3WTS3MHM,Amazon PLCC Free-Financing Universal Merchant AAT-26ZDKNME27X42,Amazon PLCC Free-Financing Universal Merchant AAT-4ZF5KN6E4LJK4,Amazon PLCC Free-Financing Universal Merchant AAT-7RCXIKUAX7DDY,Amazon PLCC Free-Financing Universal Merchant AAT-BRSZZ45H6MHAO,Amazon PLCC Free-Financing Universal Merchant AAT-MKLXOOZWQL7GO,Amazon PLCC Free-Financing Universal Merchant AAT-CB7UNXEXGIJTC,Amazon PLCC Free-Financing Universal Merchant #MP-gzasho-1593152694811,Amazon PLCC Free-Financing Universal Merchant AAT-WLBA4GZ52EAH4",False,Easy Ship,
16,406-9379318-6555504,04-30-22,Shipped,Amazon,Amazon.in,Expedited,JNE3721,JNE3721-KR-XXL,kurta,XXL,B099FCT65D,Shipped,1,INR,329.0,JAIPUR,RAJASTHAN,302020.0,IN,IN Core Free Shipping 2015/04/08 23-48-5-108,False,,
17,405-9013803-8009918,04-30-22,Shipped,Amazon,Amazon.in,Expedited,JNE3405,JNE3405-KR-XL,kurta,XL,B081WT6GG7,Shipped,1,INR,399.0,NEW DELHI,DELHI,110074.0,IN,,False,,
18,402-4030358-5835511,04-30-22,Shipped - Delivered to Buyer,Merchant,Amazon.in,Standard,JNE3697,JNE3697-KR-XXL,kurta,XXL,B098133PV5,Shipped,1,INR,458.0,Gurgaon,HARYANA,122004.0,IN,"Amazon PLCC Free-Financing Universal Merchant AAT-WNKTBO3K27EJC,Amazon PLCC Free-Financing Universal Merchant AAT-QX3UCCJESKPA2,Amazon PLCC Free-Financing Universal Merchant AAT-5QQ7BIYYQEDN2,Amazon PLCC Free-Financing Universal Merchant AAT-DSJ2QRXXWXVMQ,Amazon PLCC Free-Financing Universal Merchant AAT-CXJHMC2YJUK76,Amazon PLCC Free-Financing Universal Merchant AAT-SL3Y2YRMAUNFC,Amazon PLCC Free-Financing Universal Merchant AAT-CC4FAVTYR4X7C,Amazon PLCC Free-Financing Universal Merchant AAT-XXRCW6NZEPZI4,Amazon PLCC Free-Financing Universal Merchant AAT-EOKPWFWYW7Y6I,Amazon PLCC Free-Financing Universal Merchant AAT-ZYL5UPUNW6T62,Amazon PLCC Free-Financing Universal Merchant AAT-ETXQ3XXWMRXBG,Amazon PLCC Free-Financing Universal Merchant AAT-7X3XCTYG64VBE,Amazon PLCC Free-Financing Universal Merchant AAT-7CHGD3WTS3MHM,Amazon PLCC Free-Financing Universal Merchant AAT-26ZDKNME27X42,Amazon PLCC Free-Financing Universal Merchant AAT-4ZF5KN6E4LJK4,Amazon PLCC Free-Financing Universal Merchant AAT-7RCXIKUAX7DDY,Amazon PLCC Free-Financing Universal Merchant AAT-BRSZZ45H6MHAO,Amazon PLCC Free-Financing Universal Merchant AAT-MKLXOOZWQL7GO,Amazon PLCC Free-Financing Universal Merchant AAT-CB7UNXEXGIJTC,Amazon PLCC Free-Financing Universal Merchant #MP-gzasho-1593152694811,Amazon PLCC Free-Financing Universal Merchant AAT-WLBA4GZ52EAH4,Amazon PLCC Free-Financing Universal Merchant #MP-pmilan-1601980554292",False,Easy Ship,
19,405-5957858-1051546,04-30-22,Shipped,Amazon,Amazon.in,Expedited,SET254,SET254-KR-NP-XS,Set,XS,B0983DDPL6,Shipped,1,INR,886.0,BENGALURU,KARNATAKA,560017.0,IN,,False,,
20,405-0607769-0716360,04-30-22,Shipped,Amazon,Amazon.in,Expedited,JNE3795,JNE3795-KR-XXXL,kurta,3XL,B09HMXJVFS,Shipped,1,INR,517.0,TIRUCHIRAPPALLI,TAMIL NADU,620018.0,IN,IN Core Free Shipping 2015/04/08 23-48-5-108,False,,
21,404-8494550-5860325,04-30-22,Shipped,Amazon,Amazon.in,Expedited,SET345,SET345-KR-NP-M,Set,M,B09KXV4BN8,Shipped,1,INR,666.0,BENGALURU,KARNATAKA,560040.0,IN,IN Core Free Shipping 2015/04/08 23-48-5-108,False,,
22,171-1305077-2813934,04-30-22,Shipped,Amazon,Amazon.in,Expedited,JNE3373,JNE3373-KR-L,kurta,L,B082W7GVH7,Shipped,1,INR,376.0,HYDERABAD,TELANGANA,500072.0,IN,,False,,
23,404-6019946-2909948,04-30-22,Cancelled,Merchant,Amazon.in,Standard,SET291,SET291-KR-PP-M,Set,M,B099NK55YG,,0,INR,570.48,pune,MAHARASHTRA,411044.0,IN,,False,Easy Ship,
24,402-3384087-4005164,04-30-22,Shipped,Amazon,Amazon.in,Expedited,MEN5002,MEN5002-KR-L,kurta,L,B08YYYDN9R,Shipped,1,INR,499.0,TEZPUR,ASSAM,784001.0,IN,IN Core Free Shipping 2015/04/08 23-48-5-108,False,,
25,405-8191138-5176316,04-30-22,Shipped - Delivered to Buyer,Merchant,Amazon.in,Standard,NW030,NW030-TP-PJ-XS,Set,XS,B09G2RQSRZ,Shipped,1,INR,582.0,RANCHI,JHARKHAND,834002.0,IN,"Amazon PLCC Free-Financing Universal Merchant AAT-WNKTBO3K27EJC,Amazon PLCC Free-Financing Universal Merchant AAT-QX3UCCJESKPA2,Amazon PLCC Free-Financing Universal Merchant AAT-5QQ7BIYYQEDN2,Amazon PLCC Free-Financing Universal Merchant AAT-DSJ2QRXXWXVMQ,Amazon PLCC Free-Financing Universal Merchant AAT-CXJHMC2YJUK76,Amazon PLCC Free-Financing Universal Merchant AAT-SL3Y2YRMAUNFC,Amazon PLCC Free-Financing Universal Merchant AAT-CC4FAVTYR4X7C,Amazon PLCC Free-Financing Universal Merchant AAT-XXRCW6NZEPZI4,Amazon PLCC Free-Financing Universal Merchant AAT-WSJLDN3X7KEMO,Amazon PLCC Free-Financing Universal Merchant AAT-VL6FGQVGQVXUS,Amazon PLCC Free-Financing Universal Merchant AAT-EOKPWFWYW7Y6I,Amazon PLCC Free-Financing Universal Merchant AAT-ZYL5UPUNW6T62,Amazon PLCC Free-Financing Universal Merchant AAT-XVPICCHRWDCAI,Amazon PLCC Free-Financing Universal Merchant AAT-ETXQ3XXWMRXBG,Amazon PLCC Free-Financing Universal Merchant AAT-7X3XCTYG64VBE,Amazon PLCC Free-Financing Universal Merchant AAT-7CHGD3WTS3MHM,Amazon PLCC Free-Financing Universal Merchant AAT-26ZDKNME27X42,Amazon PLCC Free-Financing Universal Merchant AAT-4ZF5KN6E4LJK4,Amazon PLCC Free-Financing Universal Merchant AAT-7RCXIKUAX7DDY,Amazon PLCC Free-Financing Universal Merchant AAT-BRSZZ45H6MHAO,Amazon PLCC Free-Financing Universal Merchant AAT-MKLXOOZWQL7GO,Amazon PLCC Free-Financing Universal Merchant AAT-CB7UNXEXGIJTC,Amazon PLCC Free-Financing Universal Merchant #MP-gzasho-1593152694811,Amazon PLCC Free-Financing Universal Merchant AAT-WLBA4GZ52EAH4",False,Easy Ship,
26,403-9230474-9657916,04-30-22,Shipped - Delivered to Buyer,Merchant,Amazon.in,Standard,JNE3415,JNE3415-KR-XXXL,kurta,3XL,B082W8JXJ9,Shipped,1,INR,299.0,BILASPUR,CHHATTISGARH,495001.0,IN,"Amazon PLCC Free-Financing Universal Merchant AAT-WNKTBO3K27EJC,Amazon PLCC Free-Financing Universal Merchant AAT-QX3UCCJESKPA2,Amazon PLCC Free-Financing Universal Merchant AAT-5QQ7BIYYQEDN2,Amazon PLCC Free-Financing Universal Merchant AAT-DSJ2QRXXWXVMQ,Amazon PLCC Free-Financing Universal Merchant AAT-CXJHMC2YJUK76,Amazon PLCC Free-Financing Universal Merchant AAT-CC4FAVTYR4X7C,Amazon PLCC Free-Financing Universal Merchant AAT-XXRCW6NZEPZI4,Amazon PLCC Free-Financing Universal Merchant AAT-EOKPWFWYW7Y6I,Amazon PLCC Free-Financing Universal Merchant AAT-ETXQ3XXWMRXBG,Amazon PLCC Free-Financing Universal Merchant AAT-7X3XCTYG64VBE,Amazon PLCC Free-Financing Universal Merchant AAT-7CHGD3WTS3MHM,Amazon PLCC Free-Financing Universal Merchant AAT-26ZDKNME27X42,Amazon PLCC Free-Financing Universal Merchant AAT-4ZF5KN6E4LJK4,Amazon PLCC Free-Financing Universal Merchant AAT-7RCXIKUAX7DDY,Amazon PLCC Free-Financing Universal Merchant AAT-BRSZZ45H6MHAO,Amazon PLCC Free-Financing Universal Merchant AAT-MKLXOOZWQL7GO,Amazon PLCC Free-Financing Universal Merchant AAT-CB7UNXEXGIJTC,Amazon PLCC Free-Financing Universal Merchant #MP-gzasho-1593152694811,Amazon PLCC Free-Financing Universal Merchant AAT-WLBA4GZ52EAH4",False,Easy Ship,
27,408-3484251-6901959,04-30-22,Shipped,Amazon,Amazon.in,Expedited,PJNE2199,PJNE2199-KR-N-4XL,kurta,4XL,B09LD2W9XL,Shipped,1,INR,459.0,PUNE,MAHARASHTRA,411052.0,IN,,False,,
28,405-7755803-4729935,04-30-22,Shipped,Amazon,Amazon.in,Expedited,JNE3567,JNE3567-KR-M,kurta,M,B08KRXV1QR,Shipped,1,INR,399.0,BENGALURU,KARNATAKA,560037.0,IN,IN Core Free Shipping 2015/04/08 23-48-5-108,False,,
29,404-5933402-8801952,04-30-22,Cancelled,Merchant,Amazon.in,Standard,JNE2132,JNE2132-KR-398-XXXL,kurta,3XL,B07JG3CND8,,0,,,GUWAHATI,ASSAM,781003.0,IN,,False,Easy Ship,
30,171-9040274-9291563,04-30-22,Shipped,Amazon,Amazon.in,Expedited,J0341,J0341-DR-S,Western Dress,S,B099NR7612,Shipped,1,INR,791.0,THIRUVARUR,TAMIL NADU,613704.0,IN,IN Core Free Shipping 2015/04/08 23-48-5-108,False,,
31,403-7056319-0979561,04-30-22,Shipped,Amazon,Amazon.in,Expedited,MEN5009,MEN5009-KR-XL,kurta,XL,B08YYTCPYX,Shipped,1,INR,499.0,LUCKNOW,UTTAR PRADESH,226010.0,IN,IN Core Free Shipping 2015/04/08 23-48-5-108,False,,
32,404-9632124-1107550,04-30-22,Shipped - Delivered to Buyer,Merchant,Amazon.in,Standard,J0011,J0011-LCD-M,Set,M,B08B3YNJG5,Shipped,1,INR,1233.0,VISAKHAPATNAM,ANDHRA PRADESH,530016.0,IN,"Amazon PLCC Free-Financing Universal Merchant AAT-WNKTBO3K27EJC,Amazon PLCC Free-Financing Universal Merchant AAT-QX3UCCJESKPA2,Amazon PLCC Free-Financing Universal Merchant AAT-5QQ7BIYYQEDN2,Amazon PLCC Free-Financing Universal Merchant AAT-DSJ2QRXXWXVMQ,Amazon PLCC Free-Financing Universal Merchant AAT-CXJHMC2YJUK76,Amazon PLCC Free-Financing Universal Merchant AAT-SL3Y2YRMAUNFC,Amazon PLCC Free-Financing Universal Merchant AAT-CC4FAVTYR4X7C,Amazon PLCC Free-Financing Universal Merchant AAT-XXRCW6NZEPZI4,Amazon PLCC Free-Financing Universal Merchant AAT-WSJLDN3X7KEMO,Amazon PLCC Free-Financing Universal Merchant AAT-VL6FGQVGQVXUS,Amazon PLCC Free-Financing Universal Merchant AAT-EOKPWFWYW7Y6I,Amazon PLCC Free-Financing Universal Merchant AAT-ZYL5UPUNW6T62,Amazon PLCC Free-Financing Universal Merchant AAT-XVPICCHRWDCAI,Amazon PLCC Free-Financing Universal Merchant AAT-ETXQ3XXWMRXBG,Amazon PLCC Free-Financing Universal Merchant AAT-7X3XCTYG64VBE,Amazon PLCC Free-Financing Universal Merchant AAT-7CHGD3WTS3MHM,Amazon PLCC Free-Financing Universal Merchant AAT-26ZDKNME27X42,Amazon PLCC Free-Financing Universal Merchant AAT-4ZF5KN6E4LJK4,Amazon PLCC Free-Financing Universal Merchant AAT-7RCXIKUAX7DDY,Amazon PLCC Free-Financing Universal Merchant AAT-BRSZZ45H6MHAO,Amazon PLCC Free-Financing Universal Merchant AAT-MKLXOOZWQL7GO,Amazon PLCC Free-Financing Universal Merchant AAT-CB7UNXEXGIJTC,Amazon PLCC Free-Financing Universal Merchant #MP-gzasho-1593152694811,Amazon PLCC Free-Financing Universal Merchant AAT-WLBA4GZ52EAH4",False,Easy Ship,
33,402-1465437-0579556,04-30-22,Shipped - Delivered to Buyer,Merchant,Amazon.in,Standard,JNE3766,JNE3766-KR-M,kurta,M,B09K3XR43V,Shipped,1,INR,517.0,JEYPUR,ODISHA,764001.0,IN,"Amazon PLCC Free-Financing Universal Merchant AAT-WNKTBO3K27EJC,Amazon PLCC Free-Financing Universal Merchant AAT-QX3UCCJESKPA2,Amazon PLCC Free-Financing Universal Merchant AAT-5QQ7BIYYQEDN2,Amazon PLCC Free-Financing Universal Merchant AAT-DSJ2QRXXWXVMQ,Amazon PLCC Free-Financing Universal Merchant AAT-CXJHMC2YJUK76,Amazon PLCC Free-Financing Universal Merchant AAT-CC4FAVTYR4X7C,Amazon PLCC Free-Financing Universal Merchant AAT-XXRCW6NZEPZI4,Amazon PLCC Free-Financing Universal Merchant AAT-EOKPWFWYW7Y6I,Amazon PLCC Free-Financing Universal Merchant AAT-ZYL5UPUNW6T62,Amazon PLCC Free-Financing Universal Merchant AAT-ETXQ3XXWMRXBG,Amazon PLCC Free-Financing Universal Merchant AAT-7X3XCTYG64VBE,Amazon PLCC Free-Financing Universal Merchant AAT-7CHGD3WTS3MHM,Amazon PLCC Free-Financing Universal Merchant AAT-26ZDKNME27X42,Amazon PLCC Free-Financing Universal Merchant AAT-4ZF5KN6E4LJK4,Amazon PLCC Free-Financing Universal Merchant AAT-7RCXIKUAX7DDY,Amazon PLCC Free-Financing Universal Merchant AAT-BRSZZ45H6MHAO,Amazon PLCC Free-Financing Universal Merchant AAT-MKLXOOZWQL7GO,Amazon PLCC Free-Financing Universal Merchant AAT-CB7UNXEXGIJTC,Amazon PLCC Free-Financing Universal Merchant #MP-gzasho-1593152694811,Amazon PLCC Free-Financing Universal Merchant AAT-WLBA4GZ52EAH4",False,Easy Ship,
34,404-7774085-3780319,04-30-22,Shipped,Amazon,Amazon.in,Expedited,JNE3373,JNE3373-KR-XL,kurta,XL,B082W8BXW1,Shipped,1,INR,376.0,HYDERABAD,TELANGANA,500028.0,IN,,False,,
35,402-2764952-1492318,04-30-22,Shipped - Delivered to Buyer,Merchant,Amazon.in,Standard,MEN5001,MEN5001-KR-XL,kurta,XL,B08YYRH2Q6,Shipped,1,INR,499.0,LUCKNOW,UTTAR PRADESH,226016.0,IN,"Amazon PLCC Free-Financing Universal Merchant AAT-WNKTBO3K27EJC,Amazon PLCC Free-Financing Universal Merchant AAT-QX3UCCJESKPA2,Amazon PLCC Free-Financing Universal Merchant AAT-5QQ7BIYYQEDN2,Amazon PLCC Free-Financing Universal Merchant AAT-DSJ2QRXXWXVMQ,Amazon PLCC Free-Financing Universal Merchant AAT-CXJHMC2YJUK76,Amazon PLCC Free-Financing Universal Merchant AAT-SL3Y2YRMAUNFC,Amazon PLCC Free-Financing Universal Merchant AAT-CC4FAVTYR4X7C,Amazon PLCC Free-Financing Universal Merchant AAT-XXRCW6NZEPZI4,Amazon PLCC Free-Financing Universal Merchant AAT-EOKPWFWYW7Y6I,Amazon PLCC Free-Financing Universal Merchant AAT-ZYL5UPUNW6T62,Amazon PLCC Free-Financing Universal Merchant AAT-ETXQ3XXWMRXBG,Amazon PLCC Free-Financing Universal Merchant AAT-7X3XCTYG64VBE,Amazon PLCC Free-Financing Universal Merchant AAT-7CHGD3WTS3MHM,Amazon PLCC Free-Financing Universal Merchant AAT-26ZDKNME27X42,Amazon PLCC Free-Financing Universal Merchant AAT-4ZF5KN6E4LJK4,Amazon PLCC Free-Financing Universal Merchant AAT-7RCXIKUAX7DDY,Amazon PLCC Free-Financing Universal Merchant AAT-TNYBHEAO7HOHO,Amazon PLCC Free-Financing Universal Merchant AAT-BRSZZ45H6MHAO,Amazon PLCC Free-Financing Universal Merchant AAT-MKLXOOZWQL7GO,Amazon PLCC Free-Financing Universal Merchant AAT-CB7UNXEXGIJTC,Amazon PLCC Free-Financing Universal Merchant #MP-gzasho-1593152694811,Amazon PLCC Free-Financing Universal Merchant AAT-WLBA4GZ52EAH4,Amazon PLCC Free-Financing Universal Merchant AAT-QMFZ3M7T5NPDS,Amazon PLCC Free-Financing Universal Merchant #MP-pmilan-1601980554292",False,Easy Ship,
36,406-0272200-7784379,04-30-22,Shipped,Amazon,Amazon.in,Expedited,SET345,SET345-KR-NP-L,Set,L,B09KXT4VG7,Shipped,1,INR,666.0,CHENNAI,TAMIL NADU,600033.0,IN,IN Core Free Shipping 2015/04/08 23-48-5-108,False,,
37,403-4367956-2849158,04-30-22,Shipped,Amazon,Amazon.in,Expedited,JNE3787,JNE3787-KR-S,kurta,S,B09RKBXM5B,Shipped,1,INR,487.0,NEW DELHI,DELHI,110092.0,IN,IN Core Free Shipping 2015/04/08 23-48-5-108,False,,
38,403-4367956-2849158,04-30-22,Shipped,Amazon,Amazon.in,Expedited,JNE3543,JNE3543-KR-S,kurta,S,B08HHJP41L,Shipped,1,INR,368.0,NEW DELHI,DELHI,110092.0,IN,IN Core Free Shipping 2015/04/08 23-48-5-108,False,,
39,403-4242957-8599555,04-30-22,Shipped,Amazon,Amazon.in,Expedited,JNE3405,JNE3405-KR-L,kurta,L,B081WSCKPQ,Shipped,1,INR,399.0,THIRUVANANTHAPURAM,KERALA,695011.0,IN,,False,,
40,408-7165704-5643524,04-30-22,Shipped,Amazon,Amazon.in,Expedited,J0211,J0211-DR-XXL,Ethnic Dress,XXL,B09831VWD9,Shipped,1,INR,699.0,GREATER NOIDA,UTTAR PRADESH,201306.0,IN,IN Core Free Shipping 2015/04/08 23-48-5-108,False,,
41,402-8210765-3935569,04-30-22,Shipped,Amazon,Amazon.in,Expedited,J0401,J0401-DR-XXXL,Western Dress,3XL,B09SDXZBGX,Shipped,1,INR,885.0,JABALPUR,MADHYA PRADESH,482002.0,IN,IN Core Free Shipping 2015/04/08 23-48-5-108,False,,
42,406-7398201-3869914,04-30-22,Shipped - Delivered to Buyer,Merchant,Amazon.in,Standard,JNE2153,JNE2153-KR-278-A-M,kurta,M,B0794YR85H,Shipped,1,INR,424.0,MUMBAI,MAHARASHTRA,400092.0,IN,"Amazon PLCC Free-Financing Universal Merchant AAT-WNKTBO3K27EJC,Amazon PLCC Free-Financing Universal Merchant AAT-QX3UCCJESKPA2,Amazon PLCC Free-Financing Universal Merchant AAT-5QQ7BIYYQEDN2,Amazon PLCC Free-Financing Universal Merchant AAT-DSJ2QRXXWXVMQ,Amazon PLCC Free-Financing Universal Merchant AAT-CXJHMC2YJUK76,Amazon PLCC Free-Financing Universal Merchant AAT-CC4FAVTYR4X7C,Amazon PLCC Free-Financing Universal Merchant AAT-XXRCW6NZEPZI4,Amazon PLCC Free-Financing Universal Merchant AAT-EOKPWFWYW7Y6I,Amazon PLCC Free-Financing Universal Merchant AAT-ETXQ3XXWMRXBG,Amazon PLCC Free-Financing Universal Merchant AAT-7X3XCTYG64VBE,Amazon PLCC Free-Financing Universal Merchant AAT-7CHGD3WTS3MHM,Amazon PLCC Free-Financing Universal Merchant AAT-26ZDKNME27X42,Amazon PLCC Free-Financing Universal Merchant AAT-4ZF5KN6E4LJK4,Amazon PLCC Free-Financing Universal Merchant AAT-7RCXIKUAX7DDY,Amazon PLCC Free-Financing Universal Merchant AAT-BRSZZ45H6MHAO,Amazon PLCC Free-Financing Universal Merchant AAT-MKLXOOZWQL7GO,Amazon PLCC Free-Financing Universal Merchant AAT-CB7UNXEXGIJTC,Amazon PLCC Free-Financing Universal Merchant #MP-gzasho-1593152694811,Amazon PLCC Free-Financing Universal Merchant AAT-WLBA4GZ52EAH4",False,Easy Ship,
43,408-3478480-0881162,04-30-22,Shipped,Amazon,Amazon.in,Expedited,SET360,SET360-KR-NP-M,Set,M,B09QJM1D7F,Shipped,1,INR,1126.0,LUCKNOW,UTTAR PRADESH,226017.0,IN,IN Core Free Shipping 2015/04/08 23-48-5-108,False,,
44,402-7595162-9129931,04-30-22,Shipped,Amazon,Amazon.in,Expedited,SET268,SET268-KR-NP-L,Set,L,B08XQ8MCKP,Shipped,1,INR,788.0,MUMBAI,MAHARASHTRA,400076.0,IN,,False,,
45,171-6876154-6233146,04-30-22,Shipped,Amazon,Amazon.in,Expedited,SET183,SET183-KR-DH-S,Set,S,B08B3Z38TJ,Shipped,1,INR,759.0,KOLKATA,WEST BENGAL,700014.0,IN,IN Core Free Shipping 2015/04/08 23-48-5-108,False,,
46,408-3917043-5314763,04-30-22,Shipped,Amazon,Amazon.in,Expedited,J0230,J0230-SKD-L,Set,L,B08XNDL1DL,Shipped,1,INR,1146.0,ONGOLE,ANDHRA PRADESH,523001.0,IN,,False,,
47,408-9281152-6213100,04-30-22,Shipped,Amazon,Amazon.in,Expedited,JNE3744,JNE3744-TU-S,Top,S,B0986ZHR9D,Shipped,1,INR,665.0,SECUNDERABAD,TELANGANA,500017.0,IN,IN Core Free Shipping 2015/04/08 23-48-5-108,False,,
48,403-3496411-3082707,04-30-22,Shipped,Amazon,Amazon.in,Expedited,JNE3510,JNE3510-KR-S,kurta,S,B08WPTJBBD,Shipped,1,INR,429.0,HYDERABAD,TELANGANA,500062.0,IN,IN Core Free Shipping 2015/04/08 23-48-5-108,False,,
49,171-9208368-0157156,04-30-22,Shipped - Delivered to Buyer,Merchant,Amazon.in,Standard,JNE3405,JNE3405-KR-M,kurta,M,B081WVMMCY,Shipped,1,INR,399.0,KEWALPUR,UTTAR PRADESH,271881.0,IN,"Amazon PLCC Free-Financing Universal Merchant AAT-WNKTBO3K27EJC,Amazon PLCC Free-Financing Universal Merchant AAT-QX3UCCJESKPA2,Amazon PLCC Free-Financing Universal Merchant AAT-5QQ7BIYYQEDN2,Amazon PLCC Free-Financing Universal Merchant AAT-DSJ2QRXXWXVMQ,Amazon PLCC Free-Financing Universal Merchant AAT-CXJHMC2YJUK76,Amazon PLCC Free-Financing Universal Merchant AAT-CC4FAVTYR4X7C,Amazon PLCC Free-Financing Universal Merchant AAT-XXRCW6NZEPZI4,Amazon PLCC Free-Financing Universal Merchant AAT-EOKPWFWYW7Y6I,Amazon PLCC Free-Financing Universal Merchant AAT-ZYL5UPUNW6T62,Amazon PLCC Free-Financing Universal Merchant AAT-ETXQ3XXWMRXBG,Amazon PLCC Free-Financing Universal Merchant AAT-7X3XCTYG64VBE,Amazon PLCC Free-Financing Universal Merchant AAT-7CHGD3WTS3MHM,Amazon PLCC Free-Financing Universal Merchant AAT-26ZDKNME27X42,Amazon PLCC Free-Financing Universal Merchant AAT-4ZF5KN6E4LJK4,Amazon PLCC Free-Financing Universal Merchant AAT-7RCXIKUAX7DDY,Amazon PLCC Free-Financing Universal Merchant AAT-TNYBHEAO7HOHO,Amazon PLCC Free-Financing Universal Merchant AAT-BRSZZ45H6MHAO,Amazon PLCC Free-Financing Universal Merchant AAT-MKLXOOZWQL7GO,Amazon PLCC Free-Financing Universal Merchant AAT-CB7UNXEXGIJTC,Amazon PLCC Free-Financing Universal Merchant #MP-gzasho-1593152694811,Amazon PLCC Free-Financing Universal Merchant AAT-WLBA4GZ52EAH4,Amazon PLCC Free-Financing Universal Merchant AAT-QMFZ3M7T5NPDS,Amazon PLCC Free-Financing Universal Merchant #MP-pmilan-1601980554292",False,Easy Ship,
